ID,Local_ID,Language_ID,Parameter_ID,Value,Form,Segments,Comment,Source,Cognacy,Loan,SourceFile,Problematic,Other_Form,Variant_ID
balt1257-1-1,,balt1257,1,yek,yek,[],,[],,False,Romani-Baltic.htm,False,,1
balt1257-2-1,,balt1257,2,dui,dui,[],,[],,False,Romani-Baltic.htm,False,,1
balt1257-3-1,,balt1257,3,trin,trin,[],,[],,False,Romani-Baltic.htm,False,,1
balt1257-4-1,,balt1257,4,štar,štar,[],,[],,False,Romani-Baltic.htm,False,,1
balt1257-5-1,,balt1257,5,panj,panj,[],,[],,False,Romani-Baltic.htm,False,,1
balt1257-6-1,,balt1257,6,šov,šov,[],,[],,False,Romani-Baltic.htm,False,,1
balt1257-7-1,,balt1257,7,efta,efta,[],< Greek ,[],,True,Romani-Baltic.htm,False,,1
balt1257-8-1,,balt1257,8,oxto,oxto,[],< Greek ,[],,True,Romani-Baltic.htm,False,,1
balt1257-9-1,,balt1257,9,yenˈa,yenˈa,[],< Greek ,[],,True,Romani-Baltic.htm,False,,1
balt1257-10-1,,balt1257,10,deš,deš,[],,[],,False,Romani-Baltic.htm,False,,1
balt1257-11-1,,balt1257,11,deš-u-yek,deš-u-yek,[],,[],,False,Romani-Baltic.htm,False,,1
balt1257-12-1,,balt1257,12,deš-u-dui,deš-u-dui,[],,[],,False,Romani-Baltic.htm,False,,1
balt1257-13-1,,balt1257,13,deš-u-trin,deš-u-trin,[],,[],,False,Romani-Baltic.htm,False,,1
balt1257-14-1,,balt1257,14,deš-u-štar,deš-u-štar,[],,[],,False,Romani-Baltic.htm,False,,1
balt1257-15-1,,balt1257,15,deš-u-panj,deš-u-panj,[],,[],,False,Romani-Baltic.htm,False,,1
balt1257-16-1,,balt1257,16,deš-u-šov,deš-u-šov,[],,[],,False,Romani-Baltic.htm,False,,1
balt1257-17-1,,balt1257,17,deš-u-efta,deš-u-efta,[],,[],,False,Romani-Baltic.htm,False,,1
balt1257-18-1,,balt1257,18,deš-u-oxto,deš-u-oxto,[],,[],,False,Romani-Baltic.htm,False,,1
balt1257-19-1,,balt1257,19,deš-u-yenˈa,deš-u-yenˈa,[],,[],,False,Romani-Baltic.htm,False,,1
balt1257-20-1,,balt1257,20,biš,biš,[],,[],,False,Romani-Baltic.htm,False,,1
balt1257-21-1,,balt1257,21,biš ta yek,biš ta yek,[],,[],,False,Romani-Baltic.htm,False,,1
balt1257-22-1,,balt1257,22,biš ta dui,biš ta dui,[],,[],,False,Romani-Baltic.htm,False,,1
balt1257-23-1,,balt1257,23,biš ta trin,biš ta trin,[],,[],,False,Romani-Baltic.htm,False,,1
balt1257-24-1,,balt1257,24,biš ta štar,biš ta štar,[],,[],,False,Romani-Baltic.htm,False,,1
balt1257-25-1,,balt1257,25,biš ta panj,biš ta panj,[],,[],,False,Romani-Baltic.htm,False,,1
balt1257-26-1,,balt1257,26,biš ta šov,biš ta šov,[],,[],,False,Romani-Baltic.htm,False,,1
balt1257-27-1,,balt1257,27,biš ta efta,biš ta efta,[],,[],,False,Romani-Baltic.htm,False,,1
balt1257-28-1,,balt1257,28,biš ta oxto,biš ta oxto,[],,[],,False,Romani-Baltic.htm,False,,1
balt1257-29-1,,balt1257,29,biš ta yenˈa,biš ta yenˈa,[],,[],,False,Romani-Baltic.htm,False,,1
balt1257-30-1,,balt1257,30,trianda,trianda,[],,[],,False,Romani-Baltic.htm,False,,1
balt1257-30-2,,balt1257,30,trindesa,trindesa,[],< Greek ,[],,True,Romani-Baltic.htm,False,,1
balt1257-40-1,,balt1257,40,štarvardeš,štarvardeš,[],,[],,False,Romani-Baltic.htm,False,,1
balt1257-50-1,,balt1257,50,panjvardeš,panjvardeš,[],,[],,False,Romani-Baltic.htm,False,,1
balt1257-60-1,,balt1257,60,šovvardeš,šovvardeš,[],,[],,False,Romani-Baltic.htm,False,,1
balt1257-70-1,,balt1257,70,eftavardeš,eftavardeš,[],,[],,False,Romani-Baltic.htm,False,,1
balt1257-80-1,,balt1257,80,oxtovardeš,oxtovardeš,[],,[],,False,Romani-Baltic.htm,False,,1
balt1257-90-1,,balt1257,90,yenˈavardeš,yenˈavardeš,[],,[],,False,Romani-Baltic.htm,False,,1
balt1257-100-1,,balt1257,100,šel,šel,[],,[],,False,Romani-Baltic.htm,False,,1
balt1257-200-1,,balt1257,200,dui šel,dui šel,[],,[],,False,Romani-Baltic.htm,False,,1
balt1257-1000-1,,balt1257,1000,bari,bari,[],,[],,False,Romani-Baltic.htm,False,,1
balt1257-1000-2,,balt1257,1000,tisonco,tisonco,[],,[],,False,Romani-Baltic.htm,False,,1
