ID,Local_ID,Language_ID,Parameter_ID,Value,Form,Segments,Comment,Source,Cognacy,Loan,SourceFile,Problematic,Other_Form,Variant_ID
puna1275-1-1,,puna1275,1,d͡ʒi,d͡ʒi,[],,[],,False,Punan-Bah-Biau.htm,False,,1
puna1275-2-1,,puna1275,2,duo,duo,[],,[],,False,Punan-Bah-Biau.htm,False,,1
puna1275-3-1,,puna1275,3,tolu,tolu,[],,[],,False,Punan-Bah-Biau.htm,False,,1
puna1275-4-1,,puna1275,4,pat,pat,[],,[],,False,Punan-Bah-Biau.htm,False,,1
puna1275-5-1,,puna1275,5,limo,limo,[],,[],,False,Punan-Bah-Biau.htm,False,,1
puna1275-6-1,,puna1275,6,nuoŋ,nuoŋ,[],,[],,False,Punan-Bah-Biau.htm,False,,1
puna1275-7-1,,puna1275,7,tusu,tusu,[],,[],,False,Punan-Bah-Biau.htm,False,,1
puna1275-8-1,,puna1275,8,eyəŋ,eyəŋ,[],,[],,False,Punan-Bah-Biau.htm,False,,1
puna1275-9-1,,puna1275,9,d͡ʒulan,d͡ʒulan,[],,[],,False,Punan-Bah-Biau.htm,False,,1
puna1275-10-1,,puna1275,10,pəluin,pəluin,[],,[],,False,Punan-Bah-Biau.htm,False,,1
puna1275-11-1,,puna1275,11,pəluin d͡ʒi,pəluin d͡ʒi,[],,[],,False,Punan-Bah-Biau.htm,False,,1
puna1275-12-1,,puna1275,12,pəluin duo,pəluin duo,[],,[],,False,Punan-Bah-Biau.htm,False,,1
puna1275-13-1,,puna1275,13,pəluin tolu,pəluin tolu,[],,[],,False,Punan-Bah-Biau.htm,False,,1
puna1275-14-1,,puna1275,14,pəluin pat,pəluin pat,[],,[],,False,Punan-Bah-Biau.htm,False,,1
puna1275-15-1,,puna1275,15,pəluin limo,pəluin limo,[],,[],,False,Punan-Bah-Biau.htm,False,,1
puna1275-16-1,,puna1275,16,pəluin nuoŋ,pəluin nuoŋ,[],,[],,False,Punan-Bah-Biau.htm,False,,1
puna1275-17-1,,puna1275,17,pəluin tusu,pəluin tusu,[],,[],,False,Punan-Bah-Biau.htm,False,,1
puna1275-18-1,,puna1275,18,pəluin eyəŋ,pəluin eyəŋ,[],,[],,False,Punan-Bah-Biau.htm,False,,1
puna1275-19-1,,puna1275,19,pəluin d͡ʒulan,pəluin d͡ʒulan,[],,[],,False,Punan-Bah-Biau.htm,False,,1
puna1275-20-1,,puna1275,20,dua pulu,dua pulu,[],,[],,False,Punan-Bah-Biau.htm,False,,1
puna1275-21-1,,puna1275,21,duo pulu d͡ʒi,duo pulu d͡ʒi,[],,[],,False,Punan-Bah-Biau.htm,False,,1
puna1275-22-1,,puna1275,22,duo pulu duo,duo pulu duo,[],,[],,False,Punan-Bah-Biau.htm,False,,1
puna1275-23-1,,puna1275,23,duo pulu tolu,duo pulu tolu,[],,[],,False,Punan-Bah-Biau.htm,False,,1
puna1275-24-1,,puna1275,24,duo pulu pat,duo pulu pat,[],,[],,False,Punan-Bah-Biau.htm,False,,1
puna1275-25-1,,puna1275,25,duo pulu limo,duo pulu limo,[],,[],,False,Punan-Bah-Biau.htm,False,,1
puna1275-26-1,,puna1275,26,duo pulu nuoŋ,duo pulu nuoŋ,[],,[],,False,Punan-Bah-Biau.htm,False,,1
puna1275-27-1,,puna1275,27,duo pulu tusu,duo pulu tusu,[],,[],,False,Punan-Bah-Biau.htm,False,,1
puna1275-28-1,,puna1275,28,duo pulu eyəŋ,duo pulu eyəŋ,[],,[],,False,Punan-Bah-Biau.htm,False,,1
puna1275-29-1,,puna1275,29,duo pulu d͡ʒulan,duo pulu d͡ʒulan,[],,[],,False,Punan-Bah-Biau.htm,False,,1
puna1275-30-1,,puna1275,30,tolu pulu,tolu pulu,[],,[],,False,Punan-Bah-Biau.htm,False,,1
puna1275-40-1,,puna1275,40,pat nuoŋ,pat nuoŋ,[],,[],,False,Punan-Bah-Biau.htm,False,,1
puna1275-50-1,,puna1275,50,limo pulu,limo pulu,[],,[],,False,Punan-Bah-Biau.htm,False,,1
puna1275-60-1,,puna1275,60,nuoŋ pulu,nuoŋ pulu,[],,[],,False,Punan-Bah-Biau.htm,False,,1
puna1275-70-1,,puna1275,70,tusu pulu,tusu pulu,[],,[],,False,Punan-Bah-Biau.htm,False,,1
puna1275-80-1,,puna1275,80,eyəŋ pulu,eyəŋ pulu,[],,[],,False,Punan-Bah-Biau.htm,False,,1
puna1275-90-1,,puna1275,90,d͡ʒulan puluə,d͡ʒulan puluə,[],,[],,False,Punan-Bah-Biau.htm,False,,1
puna1275-100-1,,puna1275,100,d͡ʒiatu,d͡ʒiatu,[],,[],,False,Punan-Bah-Biau.htm,False,,1
puna1275-200-1,,puna1275,200,duo atu,duo atu,[],,[],,False,Punan-Bah-Biau.htm,False,,1
puna1275-1000-1,,puna1275,1000,d͡ʒi ribu,d͡ʒi ribu,[],,[],,False,Punan-Bah-Biau.htm,False,,1
puna1275-2000-1,,puna1275,2000,duo ribu,duo ribu,[],,[],,False,Punan-Bah-Biau.htm,False,,1
