ID,Local_ID,Language_ID,Parameter_ID,Value,Form,Segments,Comment,Source,Cognacy,Loan,SourceFile,Problematic,Other_Form,Variant_ID
seko1243-1-1,,seko1243,1,besa,besa,[],,[],,False,Seko-Padang.htm,False,,1
seko1243-1-2,,seko1243,1,essaʔ,essaʔ,[],,[],,False,Seko-Padang.htm,False,,1
seko1243-2-1,,seko1243,2,idua,idua,[],,[],,False,Seko-Padang.htm,False,,1
seko1243-3-1,,seko1243,3,italu,italu,[],,[],,False,Seko-Padang.htm,False,,1
seko1243-4-1,,seko1243,4,upaʔ,upaʔ,[],,[],,False,Seko-Padang.htm,False,,1
seko1243-5-1,,seko1243,5,lima,lima,[],,[],,False,Seko-Padang.htm,False,,1
seko1243-6-1,,seko1243,6,unuŋ,unuŋ,[],,[],,False,Seko-Padang.htm,False,,1
seko1243-7-1,,seko1243,7,pitu,pitu,[],,[],,False,Seko-Padang.htm,False,,1
seko1243-8-1,,seko1243,8,karoʔa,karoʔa,[],(10 - 2 ),[],,False,Seko-Padang.htm,False,,1
seko1243-9-1,,seko1243,9,kamisaʔa,kamisaʔa,[],,[],,False,Seko-Padang.htm,False,,1
seko1243-9-2,,seko1243,9,kamesaʔe,kamesaʔe,[],(10 - 1),[],,False,Seko-Padang.htm,False,,1
seko1243-10-1,,seko1243,10,sampulo,sampulo,[],,[],,False,Seko-Padang.htm,False,,1
seko1243-11-1,,seko1243,11,sampulo besa,sampulo besa,[],,[],,False,Seko-Padang.htm,False,,1
seko1243-12-1,,seko1243,12,sampulo idua,sampulo idua,[],,[],,False,Seko-Padang.htm,False,,1
seko1243-13-1,,seko1243,13,sampulo italu,sampulo italu,[],,[],,False,Seko-Padang.htm,False,,1
seko1243-14-1,,seko1243,14,sampulo upaʔ,sampulo upaʔ,[],,[],,False,Seko-Padang.htm,False,,1
seko1243-15-1,,seko1243,15,sampulo lima,sampulo lima,[],,[],,False,Seko-Padang.htm,False,,1
seko1243-16-1,,seko1243,16,sampulo unuŋ,sampulo unuŋ,[],,[],,False,Seko-Padang.htm,False,,1
seko1243-17-1,,seko1243,17,sampulo pitu,sampulo pitu,[],,[],,False,Seko-Padang.htm,False,,1
seko1243-18-1,,seko1243,18,sampulo karoʔa,sampulo karoʔa,[],,[],,False,Seko-Padang.htm,False,,1
seko1243-19-1,,seko1243,19,sampulo kamisaʔa,sampulo kamisaʔa,[],,[],,False,Seko-Padang.htm,False,,1
seko1243-20-1,,seko1243,20,duampulo,duampulo,[],,[],,False,Seko-Padang.htm,False,,1
seko1243-20-2,,seko1243,20,idua pulona,idua pulona,[],,[],,False,Seko-Padang.htm,False,,1
seko1243-21-1,,seko1243,21,duampulo besa,duampulo besa,[],,[],,False,Seko-Padang.htm,False,,1
seko1243-22-1,,seko1243,22,duampulo idua,duampulo idua,[],,[],,False,Seko-Padang.htm,False,,1
seko1243-23-1,,seko1243,23,duampulo italu,duampulo italu,[],,[],,False,Seko-Padang.htm,False,,1
seko1243-24-1,,seko1243,24,duampulo upaʔ,duampulo upaʔ,[],,[],,False,Seko-Padang.htm,False,,1
seko1243-25-1,,seko1243,25,duampulo lima,duampulo lima,[],,[],,False,Seko-Padang.htm,False,,1
seko1243-26-1,,seko1243,26,duampulo unuŋ,duampulo unuŋ,[],,[],,False,Seko-Padang.htm,False,,1
seko1243-27-1,,seko1243,27,duampulo pitu,duampulo pitu,[],,[],,False,Seko-Padang.htm,False,,1
seko1243-28-1,,seko1243,28,duampulo karoʔa,duampulo karoʔa,[],,[],,False,Seko-Padang.htm,False,,1
seko1243-29-1,,seko1243,29,duampulo kamisaʔa,duampulo kamisaʔa,[],,[],,False,Seko-Padang.htm,False,,1
seko1243-30-1,,seko1243,30,italu pulona,italu pulona,[],,[],,False,Seko-Padang.htm,False,,1
seko1243-40-1,,seko1243,40,upaʔ pulona,upaʔ pulona,[],,[],,False,Seko-Padang.htm,False,,1
seko1243-50-1,,seko1243,50,lima pulona,lima pulona,[],,[],,False,Seko-Padang.htm,False,,1
seko1243-60-1,,seko1243,60,unuŋ pulona,unuŋ pulona,[],,[],,False,Seko-Padang.htm,False,,1
seko1243-70-1,,seko1243,70,pitu pulona,pitu pulona,[],,[],,False,Seko-Padang.htm,False,,1
seko1243-80-1,,seko1243,80,karoʔa pulona,karoʔa pulona,[],,[],,False,Seko-Padang.htm,False,,1
seko1243-90-1,,seko1243,90,kamisaʔa pulona,kamisaʔa pulona,[],,[],,False,Seko-Padang.htm,False,,1
seko1243-90-2,,seko1243,90,kamesaʔe pulona,kamesaʔe pulona,[],,[],,False,Seko-Padang.htm,False,,1
seko1243-100-1,,seko1243,100,saŋɡatu,saŋɡatu,[],,[],,False,Seko-Padang.htm,False,,1
seko1243-200-1,,seko1243,200,idua atuʔna,idua atuʔna,[],,[],,False,Seko-Padang.htm,False,,1
seko1243-1000-1,,seko1243,1000,sasabu,sasabu,[],,[],,False,Seko-Padang.htm,False,,1
seko1243-2000-1,,seko1243,2000,idua sabunna,idua sabunna,[],,[],,False,Seko-Padang.htm,False,,1
